Date,portfolio_nav,portfolio_return,turnover,action,cluster
2023-02-14,10000.0,0.0,0.0,recession,3
2023-02-15,9960.745552112903,-0.003925444788709719,1.0,recession,1
2023-02-16,9945.000859128144,-0.001580674147571104,0.0,recession,1
2023-02-17,9958.675441795613,0.001375020762810464,0.0,recession,1
2023-02-21,9931.87508796458,-0.002691156468314493,0.0,recession,1
2023-02-22,9929.800662747404,-0.00020886541552340716,0.0,recession,1
2023-02-23,9938.45049455527,0.0008710982326479934,0.0,recession,1
2023-02-24,9911.229156288646,-0.0027389921881220917,0.0,recession,1
2023-02-27,9921.748633310932,0.0010613695694454473,0.0,recession,1
2023-02-28,9935.297079540918,0.001365530082519917,0.0,recession,1
2023-03-01,9936.092617438326,8.007187817722357e-05,0.0,recession,1
2023-03-02,9926.118519561958,-0.0010038249702768454,0.0,recession,1
2023-03-03,9971.45336418567,0.00456722781763772,0.0,recession,1
2023-03-06,9953.663319765836,-0.0017840974399710996,0.0,recession,1
2023-03-07,9924.968318250749,-0.0028828583601080426,0.0,recession,1
2023-03-08,9925.002242577624,3.418079109951405e-06,0.0,recession,1
2023-03-09,9946.990107411615,0.002215401497811764,0.0,recession,1
2023-03-10,10024.190542817274,0.00776118550154541,0.0,recession,1
2023-03-13,10072.476237748186,0.004816917109133678,0.0,recession,1
2023-03-14,10044.249486720457,-0.0028023646183392486,0.0,recession,1
2023-03-15,10079.3226332414,0.0034918633360623732,0.0,recession,1
2023-03-16,10075.509999177917,-0.00037826292521971896,0.0,recession,1
2023-03-17,10149.312522175169,0.0073249416658086606,0.0,recession,1
2023-03-20,10141.156961719045,-0.0008035579196427168,0.0,recession,1
2023-03-21,10094.160409979815,-0.004634239654965633,0.0,recession,1
2023-03-22,10141.981050685215,0.004737455990705342,0.0,recession,1
2023-03-23,10167.41343902821,0.0025076351667288055,0.0,recession,1
2023-03-24,10148.83200132803,-0.0018275481578091445,0.0,recession,1
2023-03-27,10106.202891577095,-0.004200395646056343,0.0,recession,1
2023-03-28,10124.595125748689,0.001819895599654231,0.0,recession,1
2023-03-29,10112.515783674457,-0.001193069147378667,0.0,recession,1
2023-03-30,10135.451712041793,0.0022680734307840345,0.0,recession,1
2023-03-31,10140.069786032718,0.00045563573505456043,0.0,recession,1
2023-04-03,10159.449279809005,0.0019111795268885068,0.0,recession,1
2023-04-04,10202.376274615755,0.0042253269468124355,0.0,recession,1
2023-04-05,10211.414617251281,0.0008859056353384132,0.0,recession,1
2023-04-06,10199.485926162557,-0.0011681722401685193,0.0,recession,1
2023-04-10,10167.944995745896,-0.0030924039353547594,0.0,recession,1
2023-04-11,10182.893129597218,0.0014701233983440921,0.0,recession,1
2023-04-12,10191.795266771023,0.0008742247473784716,0.0,recession,1
2023-04-13,10211.33598474621,0.0019172989118901311,0.0,recession,1
2023-04-14,10165.826954639795,-0.0044567165525058235,0.0,recession,1
2023-04-17,10144.678750870999,-0.002080323013874008,0.0,recession,1
2023-04-18,10156.16747626206,0.0011324878464067823,0.0,recession,1
2023-04-19,10145.486538599594,-0.0010516700997133311,0.0,recession,1
2023-04-20,10162.151577776647,0.0016426062085487915,0.0,recession,1
2023-04-21,10136.344526333532,-0.0025395263242826375,0.0,recession,1
2023-04-24,10152.312737095257,0.0015753421482705755,0.0,recession,1
2023-04-25,10177.568766122555,0.0024877118821424963,0.0,recession,1
2023-04-26,10155.653244183017,-0.002153316026955965,0.0,recession,1
2023-04-27,10145.686250682973,-0.0009814231798189077,0.0,recession,1
2023-04-28,10162.600811288086,0.0016671677190859713,0.0,recession,1
2023-05-01,10124.169057595886,-0.003781684866487478,0.0,recession,1
2023-05-02,10188.470586142439,0.006351289491586521,0.0,recession,1
2023-05-03,10211.435421147853,0.0022540021891655606,0.0,recession,1
2023-05-04,10215.711180048025,0.00041872261086000066,0.0,recession,1
2023-05-05,10180.343020764933,-0.0034621338308946648,0.0,recession,1
2023-05-08,10168.573467147538,-0.0011561058005006952,0.0,recession,1
2023-05-09,10179.346902897316,0.0010594834943744693,0.0,recession,1
2023-05-10,10186.316914734503,0.00068472092597629,0.0,recession,1
2023-05-11,10179.600237115721,-0.0006593823533083353,0.0,recession,1
2023-05-12,10167.599019174497,-0.0011789478625562455,0.0,recession,1
2023-05-15,10161.422463963703,-0.0006074743112061576,0.0,recession,1
2023-05-16,10132.967124343671,-0.002800330339668977,0.0,recession,1
2023-05-17,10122.996586553252,-0.0009839702101140048,0.0,recession,1
2023-05-18,10089.23182430334,-0.0033354513123873167,0.0,recession,1
2023-05-19,10102.071515434469,0.0012726133520095106,0.0,recession,1
2023-05-22,10093.743819159801,-0.0008243553079132827,0.0,recession,1
2023-05-23,10099.072922379377,0.0005279610137776336,0.0,recession,1
2023-05-24,10077.778566070847,-0.002108545652872995,0.0,recession,1
2023-05-25,10055.886551157819,-0.0021723056097632367,0.0,recession,1
2023-05-26,10072.044915748087,0.001606856293382375,0.0,recession,1
2023-05-30,10094.578402072713,0.0022372305240015767,0.0,recession,1
2023-05-31,10106.483055504432,0.001179311602480948,0.0,recession,1
2023-06-01,10126.412987510268,0.0019719947974365494,0.0,recession,1
2023-06-02,10085.448460110938,-0.00404531470816516,0.0,recession,1
2023-06-05,10095.713633605103,0.0010178202322648434,0.0,recession,3
2023-06-06,10103.880805127515,0.0008089741665441076,0.0,recession,1
2023-06-07,10064.61234458836,-0.0038864730588693665,0.0,recession,1
2023-06-08,10102.978086931129,0.003811944367971454,0.0,recession,1
2023-06-09,10096.167859657973,-0.0006740811683997094,0.0,recession,1
2023-06-12,10097.364688679783,0.00011854290047936809,0.0,recession,1
2023-06-13,10072.509434771124,-0.002461558503133443,0.0,recession,1
2023-06-14,10081.686525072815,0.0009111026761623453,0.0,recession,1
2023-06-15,10105.54716224557,0.002366730716474419,0.0,recession,1
2023-06-16,10098.511544699766,-0.0006962134195057869,0.0,recession,1
2023-06-20,10084.594357627253,-0.0013781424134547528,0.0,recession,1
2023-06-21,10084.117817027303,-4.725431515146817e-05,0.0,aggressive,0
2023-06-22,10074.93215509004,-0.0009109038692261746,1.6,aggressive,0
2023-06-23,10026.822184219389,-0.004775215369201824,0.0,aggressive,0
2023-06-26,9996.859535244099,-0.0029882497589760917,0.0,aggressive,0
2023-06-27,10077.336525471666,0.008050227168226655,0.0,aggressive,0
2023-06-28,10083.376112115799,0.000599323703129906,0.0,aggressive,0
2023-06-29,10095.890904039938,0.0012411311236424471,0.0,aggressive,0
2023-06-30,10209.835821374683,0.01128626670174784,0.0,aggressive,0
2023-07-03,10214.590696024923,0.0004657150940943655,0.0,aggressive,0
2023-07-05,10189.12652523203,-0.0024929213074395442,0.0,aggressive,0
2023-07-06,10107.848021793532,-0.007976984409529342,0.0,aggressive,0
2023-07-07,10088.930535821415,-0.0018715641481083403,0.0,aggressive,0
2023-07-10,10111.473282327626,0.002234403976335431,0.0,aggressive,0
2023-07-11,10171.978347012604,0.005983803051799175,0.0,aggressive,0
2023-07-12,10262.550233597995,0.008904058138502813,0.0,aggressive,0
2023-07-13,10339.233974715,0.00747219154805725,0.0,aggressive,0
2023-07-14,10324.699440270871,-0.001405765115643398,0.0,aggressive,0
2023-07-17,10354.626949820424,0.0028986325192984722,0.0,aggressive,0
2023-07-18,10432.743605240643,0.007544130348565959,0.0,rebound,1
2023-07-19,10461.995302726098,0.0028038355577684644,0.6,defensive,1
2023-07-20,10382.629273295246,-0.007586127419706496,0.8000000000000002,recession,1
2023-07-21,10367.227532455077,-0.0014834143100710953,0.8999999999999999,recession,1
2023-07-24,10354.5798510913,-0.0012199675683961853,0.0,aggressive,0
2023-07-25,10364.451002729036,0.0009533126191205736,1.6,aggressive,0
2023-07-26,10371.80705217169,0.0007097384551018938,0.0,aggressive,0
2023-07-27,10280.324553225628,-0.008820304743994279,0.0,rebound,1
2023-07-28,10351.449166839919,0.006918518306114608,0.6,defensive,1
2023-07-31,10362.068685960474,0.0010258968526431717,0.8000000000000002,recession,1
2023-08-01,10314.282453266782,-0.0046116498685670575,0.8999999999999999,aggressive,0
2023-08-02,10167.045314133286,-0.014275073404341665,1.6,aggressive,0
2023-08-03,10119.938751558666,-0.004633259823199165,0.0,aggressive,0
2023-08-04,10104.910752524745,-0.0014849891291689678,0.0,aggressive,0
2023-08-07,10163.22857293384,0.005771235574200828,0.0,aggressive,0
2023-08-08,10133.228052387369,-0.002951869116312722,0.0,aggressive,0
2023-08-09,10079.453501686257,-0.005306754217225285,0.0,aggressive,0
2023-08-10,10064.676789357,-0.0014660231655204026,0.0,aggressive,0
2023-08-11,10057.665726155295,-0.0006966009290152008,0.0,aggressive,0
2023-08-14,10096.809107546507,0.0038918952425928246,0.0,aggressive,0
2023-08-15,9993.879760368765,-0.010194245140359283,0.0,aggressive,0
2023-08-16,9921.618808272711,-0.007230520461393764,0.0,aggressive,0
2023-08-17,9855.384131076231,-0.00667579338376253,0.0,aggressive,0
2023-08-18,9862.826665892588,0.0007551745033345103,0.0,aggressive,0
2023-08-21,9903.71641307536,0.0041458446516329135,0.0,aggressive,0
2023-08-22,9891.489545116878,-0.001234573714402876,0.0,aggressive,0
2023-08-23,10014.188302881123,0.012404477324127328,0.0,aggressive,0
2023-08-24,9896.328567576571,-0.011769274926720098,0.0,aggressive,0
2023-08-25,9954.095853222394,0.0058372441104155405,0.0,aggressive,0
2023-08-28,10008.49657801851,0.005465159829509236,0.0,aggressive,0
2023-08-29,10144.40366319814,0.013579170869491031,0.0,aggressive,0
2023-08-30,10179.315115055835,0.003441449395822749,0.0,rebound,1
2023-08-31,10171.471457795471,-0.0007705486245103916,0.6,recession,0
2023-09-01,10144.436913607873,-0.0026578793736748638,1.2,aggressive,0
2023-09-05,10070.627819297844,-0.007275819736334531,1.6,rebound,1
2023-09-06,10026.556767916736,-0.004376197012926774,0.6,recession,0
2023-09-07,10019.448135270266,-0.0007089804417421896,1.2,aggressive,0
2023-09-08,10019.66236888245,2.1381777647879038e-05,1.6,aggressive,0
2023-09-11,10067.015866165224,0.004726057180313648,0.0,aggressive,0
2023-09-12,10023.447767844826,-0.004327806660842692,0.0,aggressive,0
2023-09-13,10030.270305643926,0.0006806577893274767,0.0,aggressive,0
2023-09-14,10092.728895907925,0.00622700967778046,0.0,aggressive,0
2023-09-15,9995.961401404587,-0.00958784244591896,0.0,rebound,1
2023-09-18,10016.063538545512,0.0020110258867245493,0.6,defensive,1
2023-09-19,9974.03240231723,-0.004196372763264727,0.8000000000000002,recession,1
2023-09-20,9969.61964773985,-0.0004424243274320996,0.8999999999999999,recession,1
2023-09-21,9929.570731823567,-0.004017095669779403,0.0,recession,1
2023-09-22,9943.92000009782,0.0014451045933198347,0.0,recession,1
2023-09-25,9909.20571744369,-0.0034910058260512744,0.0,recession,1
2023-09-26,9889.924176427889,-0.0019458210441487655,0.0,recession,1
2023-09-27,9860.343881143124,-0.002990952686499482,0.0,recession,3
2023-09-28,9853.500764598926,-0.0006940038427345474,0.0,recession,3
2023-09-29,9833.36217685879,-0.0020438002920231124,0.0,recession,3
2023-10-02,9796.253184564639,-0.0037737847571077234,0.0,aggressive,0
2023-10-03,9651.770164359148,-0.014748804209464927,1.6,aggressive,0
2023-10-04,9721.499444586287,0.007224506908030792,0.0,aggressive,0
2023-10-05,9711.941948798421,-0.000983129798272886,0.0,aggressive,0
2023-10-06,9797.423291691965,0.008801673583326886,0.0,aggressive,0
2023-10-09,9888.611712140715,0.009307388048250953,0.0,aggressive,0
2023-10-10,9926.760467526803,0.003857847440733464,0.0,aggressive,0
2023-10-11,9987.273912646666,0.0060959912670218944,0.0,aggressive,0
2023-10-12,9908.424590359722,-0.007894979448505823,0.0,aggressive,0
2023-10-13,9918.525296575002,0.0010194058725650824,0.0,aggressive,0
2023-10-16,9981.222814781093,0.006321254050513071,0.0,aggressive,0
2023-10-17,9971.707428841559,-0.0009533286768673934,0.0,rebound,1
2023-10-18,9910.60151571608,-0.006127928798707015,0.6,defensive,1
2023-10-19,9843.213972894644,-0.0067995411494019345,0.8000000000000002,recession,1
2023-10-20,9845.320341136325,0.00021399191844043782,0.8999999999999999,recession,3
2023-10-23,9850.498687828514,0.000525970360817385,0.0,recession,3
2023-10-24,9863.262763762317,0.0012957796694671676,0.0,recession,3
2023-10-25,9849.608120247793,-0.0013843941747848088,0.0,recession,3
2023-10-26,9867.82576881373,0.0018495810537361157,0.0,recession,3
2023-10-27,9886.585207895861,0.001901071170249069,0.0,recession,3
2023-10-30,9870.978974931038,-0.0015785261176285426,0.0,recession,3
2023-10-31,9855.388114182073,-0.0015794644876219067,0.0,recession,3
2023-11-01,9870.546632379675,0.0015380944942988031,0.0,recession,3
2023-11-02,9899.610237334353,0.0029444777515498237,0.0,recession,3
2023-11-03,9913.525623133606,0.001405649865564729,0.0,recession,3
2023-11-06,9888.45917997211,-0.002528509444006877,0.0,recession,3
2023-11-07,9894.846980657838,0.0006459854431786872,0.0,recession,3
2023-11-08,9891.976145047547,-0.00029013441197247593,0.0,recession,3
2023-11-09,9877.103161798444,-0.0015035401451658713,0.0,recession,1
2023-11-10,9861.082625294794,-0.0016219873622068447,0.0,recession,1
2023-11-13,9869.82807084223,0.0008868646455717389,0.0,recession,1
2023-11-14,9909.806876325292,0.004050608095309128,0.0,recession,1
2023-11-15,9890.67570736908,-0.0019305289391578718,0.0,recession,1
2023-11-16,9925.291692917717,0.0034998605325667234,0.0,recession,1
2023-11-17,9929.726706520749,0.0004468396234840189,0.0,recession,1
2023-11-20,9932.548414520674,0.00028416774029365043,0.0,recession,1
2023-11-21,9953.56022536302,0.0021154501307668826,0.0,recession,1
2023-11-22,9948.59274419792,-0.0004990657666833266,0.0,recession,1
2023-11-24,9947.228082619227,-0.00013717131797244,0.0,recession,1
2023-11-27,9977.248058049277,0.003017923705047476,0.0,recession,3
2023-11-28,10005.818143804458,0.0028635236478991464,0.0,recession,3
2023-11-29,10021.357064073763,0.0015529884759026614,0.0,recession,1
2023-11-30,10001.427520389687,-0.001988707073967322,0.0,recession,1
2023-12-01,10054.81195694267,0.005337681690353602,0.0,recession,1
2023-12-04,10007.347559437345,-0.004720565407745114,0.0,recession,1
2023-12-05,10021.28478899425,0.0013926996613365273,0.0,recession,1
2023-12-06,10042.020369289972,0.0020691538792007914,0.0,recession,1
2023-12-07,10039.573758472246,-0.0002436373088036459,0.0,recession,1
2023-12-08,10004.571895918481,-0.0034863893025566476,0.0,recession,1
2023-12-11,9980.359704117614,-0.002420112729735513,0.0,recession,1
2023-12-12,9982.234665808284,0.00018786514176398765,0.0,recession,1
2023-12-13,10050.700183052433,0.006858736499018714,0.0,recession,1
2023-12-14,10088.629484280664,0.003773796903442395,0.0,recession,1
2023-12-15,10071.254616441187,-0.001722222811983465,0.0,recession,1
2023-12-18,10072.385703074915,0.00011230841407584575,0.0,recession,1
2023-12-19,10091.53949478701,0.0019016142031026196,0.0,recession,1
2023-12-20,10087.385160165919,-0.00041166510057624164,0.0,recession,1
2023-12-21,10095.266828918533,0.000781339130753056,0.0,recession,1
2023-12-22,10099.628248602148,0.00043202619183080326,0.0,recession,1
2023-12-26,10117.893218544641,0.0018084794304207286,0.0,recession,1
2023-12-27,10145.004301755456,0.0026795186137291926,0.0,recession,1
2023-12-28,10125.836749974393,-0.001889358664712193,0.0,recession,1
2023-12-29,10113.530055200366,-0.001215375586028289,0.0,recession,1
2024-01-02,10102.938988168378,-0.001047217635601194,0.0,recession,1
2024-01-03,10090.307059619696,-0.001250322165013218,0.0,recession,1
2024-01-04,10077.002707262138,-0.0013185279971113407,0.0,recession,1
2024-01-05,10067.682231176745,-0.0009249254323089541,0.0,recession,1
2024-01-08,10061.876920223618,-0.0005766283460107548,0.0,recession,1
2024-01-09,10056.10421617784,-0.0005737203994391816,0.0,recession,1
2024-01-10,10046.818819388289,-0.0009233592442899452,0.0,recession,1
2024-01-11,10056.425217356451,0.0009561631538157033,0.0,recession,1
2024-01-12,10074.148119792251,0.0017623461670268072,0.0,recession,1
2024-01-16,10037.287815708396,-0.0036589003502378818,0.0,recession,1
2024-01-17,10013.5855917794,-0.002361417184022785,0.0,recession,1
2024-01-18,10020.765756908706,0.0007170423684400239,0.0,recession,1
2024-01-19,10029.960927266548,0.000917611545954089,0.0,recession,1
2024-01-22,10028.351735490714,-0.00016043848899334186,0.0,recession,1
2024-01-23,10028.225710422665,-1.2566877526154485e-05,0.0,recession,1
2024-01-24,10005.811755242208,-0.002235086826691557,0.0,recession,1
2024-01-25,10020.29507895627,0.001447491124992717,0.0,recession,1
2024-01-26,10016.982615394414,-0.00033057545069823394,0.0,recession,1
2024-01-29,10042.65963548406,0.002563348772332419,0.0,recession,1
2024-01-30,10054.537196224539,0.001182710673426768,0.0,recession,1
2024-01-31,10062.918242985426,0.0008335586807551865,0.0,recession,1
2024-02-01,10103.590079174099,0.004041753615261979,0.0,recession,1
2024-02-02,10062.169941061247,-0.004099546575848257,0.0,recession,1
2024-02-05,10030.754240160013,-0.0031221596420305973,0.0,recession,1
2024-02-06,10051.039612968789,0.0020223177961592896,0.0,recession,1
2024-02-07,10045.642216410817,-0.0005369988345291344,0.0,recession,1
2024-02-08,10037.98904706757,-0.000761839728946967,0.0,recession,1
2024-02-09,10028.179316510821,-0.0009772605360247157,0.0,recession,1
2024-02-12,10024.116087445687,-0.00040518113377208126,0.0,recession,1
2024-02-13,9979.29590014823,-0.004471235858250833,0.0,recession,1
2024-02-14,9983.184526500507,0.0003896694106664267,0.0,recession,1
2024-02-15,10001.772487852246,0.001861927053676782,0.0,recession,1
2024-02-16,10003.30997519085,0.00015372148691356058,0.0,recession,1
2024-02-20,10016.30514271071,0.0012990867574919518,0.0,recession,1
2024-02-21,10009.291240965875,-0.000700248409458626,0.0,recession,1
2024-02-22,10015.031886117538,0.0005735316331058727,0.0,recession,1
2024-02-23,10039.758634078098,0.002468963478272546,0.0,recession,1
2024-02-26,10032.29284742008,-0.0007436221258025567,0.0,recession,1
2024-02-27,10023.085617626439,-0.0009177592733458863,0.0,recession,1
2024-02-28,10033.074671508948,0.0009966046648294037,0.0,recession,1
2024-02-29,10050.489858630292,0.0017357776844616924,0.0,recession,1
2024-03-01,10094.765183715906,0.004405290260314554,0.0,recession,1
2024-03-04,10123.360792723304,0.002832716609745922,0.0,recession,1
2024-03-05,10149.967246815919,0.0026282234366021397,0.0,recession,1
2024-03-06,10172.600678863655,0.0022299019787316967,0.0,recession,1
2024-03-07,10183.210751136916,0.001043004892082955,0.0,recession,1
2024-03-08,10198.620277363729,0.001513228646975806,0.0,recession,1
2024-03-11,10201.830811645405,0.0003148008450516771,0.0,recession,1
2024-03-12,10170.97782480123,-0.0030242598033439873,0.0,recession,1
2024-03-13,10180.30107855278,0.0009166526475770766,0.0,recession,1
2024-03-14,10156.166330346909,-0.0023707302976252566,0.0,recession,1
2024-03-15,10149.35019334205,-0.000671132864818469,0.0,recession,1
2024-03-18,10149.544775495733,1.917188292616112e-05,0.0,recession,1
2024-03-19,10150.058685355298,5.0633784167941615e-05,0.0,recession,1
2024-03-20,10173.912094789035,0.0023500760116937024,0.0,recession,1
2024-03-21,10173.98937303802,7.5957260358805565e-06,0.0,recession,1
2024-03-22,10167.395486635058,-0.0006481121771599875,0.0,recession,1
2024-03-25,10168.806462539698,0.00013877456684905363,0.0,recession,1
2024-03-26,10178.210855943973,0.0009248276519884025,0.0,recession,3
2024-03-27,10203.04484088044,0.002439916532281772,0.0,recession,3
2024-03-28,10228.506724891875,0.002495518191728008,0.0,recession,1
2024-04-01,10230.32253764677,0.0001775247163377403,0.0,recession,1
2024-04-02,10254.910280511915,0.0024034181497859406,0.0,recession,1
2024-04-03,10272.67944230948,0.0017327466853936824,0.0,recession,1
2024-04-04,10268.265236975472,-0.00042970340491956807,0.0,recession,1
2024-04-05,10289.119213902422,0.0020309152953954857,0.0,recession,1
2024-04-08,10301.824100058817,0.0012347885073804579,0.0,recession,1
2024-04-09,10322.732609685547,0.0020295929559319024,0.0,recession,1
2024-04-10,10280.69745209009,-0.0040720959444417336,0.0,recession,3
2024-04-11,10315.98272377596,0.003432186566165152,0.0,recession,1
2024-04-12,10294.180867060486,-0.0021134057025149035,0.0,recession,1
2024-04-15,10316.758738695691,0.0021932654891901326,0.0,recession,1
2024-04-16,10312.43305986718,-0.00041928661298301645,0.0,recession,3
2024-04-17,10308.680871012537,-0.0003638509780243828,0.0,recession,3
2024-04-18,10310.527068960097,0.00017909158025746223,0.0,recession,3
2024-04-19,10320.698608057046,0.00098651979951363,0.0,recession,3
2024-04-22,10267.972966345254,-0.005108727976091731,0.0,recession,3
2024-04-23,10263.269705289606,-0.000458051561984485,0.0,recession,3
2024-04-24,10252.189210282952,-0.0010796262131689827,0.0,recession,3
2024-04-25,10257.226530666723,0.0004913409497671163,0.0,recession,3
2024-04-26,10269.252229650909,0.0011724123424819767,0.0,recession,3
2024-04-29,10273.692595905979,0.0004323943122410468,0.0,recession,3
2024-04-30,10223.951953931335,-0.004841554437249285,0.0,recession,3
2024-05-01,10250.0182771082,0.0025495349835678474,0.0,recession,3
2024-05-02,10248.087835321949,-0.00018833544819738538,0.0,recession,3
2024-05-03,10256.823207796131,0.0008523904765993073,0.0,recession,3
2024-05-06,10282.395963670298,0.0024932433128739277,0.0,recession,3
2024-05-07,10279.20591960598,-0.0003102432619390916,0.0,recession,3
2024-05-08,10266.92907332962,-0.0011943380035750462,0.0,recession,3
2024-05-09,10304.337508908995,0.0036435856634628784,0.0,recession,3
2024-05-10,10315.257882406244,0.0010597841431152278,0.0,recession,3
2024-05-13,10294.780031469225,-0.001985200095864359,0.0,recession,3
2024-05-14,10318.013921312095,0.002256861222080264,0.0,recession,3
2024-05-15,10358.58959259788,0.0039325079027054954,0.0,recession,3
2024-05-16,10349.511574967675,-0.0008763758375649245,0.0,recession,1
2024-05-17,10376.685958049353,0.0026256681665445592,0.0,recession,1
2024-05-20,10381.971486282786,0.0005093657314868661,0.0,recession,1
2024-05-21,10384.275386846119,0.00022191358995515825,0.0,recession,1
2024-05-22,10347.362300626883,-0.0035547098708489377,0.0,recession,1
2024-05-23,10299.430073082945,-0.004632313642002717,0.0,recession,1
2024-05-24,10304.392131163862,0.00048177986992536953,0.0,recession,1
2024-05-28,10311.28641997805,0.0006690631263282956,0.0,recession,1
2024-05-29,10279.62103556189,-0.0030709441214638476,0.0,recession,1
2024-05-30,10293.455963880142,0.0013458597617940216,0.0,recession,1
2024-05-31,10288.372636510374,-0.0004938406874820834,0.0,recession,1
2024-06-03,10323.363380735851,0.0034009989200143977,0.0,recession,1
2024-06-04,10316.887496822352,-0.0006273036872444405,0.0,recession,1
2024-06-05,10348.900092108563,0.003102931508758955,0.0,recession,1
2024-06-06,10362.646344913026,0.0013282815257774307,0.0,recession,1
2024-06-07,10269.680692952443,-0.008971226930485743,0.0,recession,1
2024-06-10,10281.66507287413,0.0011669671414330728,0.0,recession,1
2024-06-11,10298.172928071173,0.00160556243371488,0.0,recession,1
2024-06-12,10311.392822213933,0.0012837125803863314,0.0,recession,1
2024-06-13,10309.742149102425,-0.00016008245830290146,0.0,recession,1
2024-06-14,10345.139840824626,0.003433421632691691,0.0,recession,1
2024-06-17,10324.126384560625,-0.0020312394600097592,0.0,recession,1
2024-06-18,10341.873194035112,0.001718964764033504,0.0,recession,1
2024-06-20,10360.80736413179,0.0018308259772125248,0.0,recession,1
2024-06-21,10328.702871967587,-0.003098647724630577,0.0,recession,1
2024-06-24,10341.055348430791,0.0011959368583183583,0.0,recession,1
2024-06-25,10332.546520441827,-0.0008228200799887509,0.0,recession,1
2024-06-26,10298.715514814468,-0.003274217595868323,0.0,recession,1
2024-06-27,10326.15764238594,0.0026646165273715994,0.0,recession,1
2024-06-28,10307.13699623923,-0.001841986807235674,0.0,recession,1
2024-07-01,10294.71722137764,-0.001204968447214916,0.0,recession,1
2024-07-02,10302.63654805751,0.0007692612152013112,0.0,recession,1
2024-07-03,10339.395578942418,0.003567924648554133,0.0,recession,1
2024-07-05,10375.844530256349,0.0035252497146122555,0.0,recession,1
2024-07-08,10352.350129699476,-0.0022643362174868957,0.0,recession,1
2024-07-09,10351.285216262726,-0.00010286682959997906,0.0,recession,1
2024-07-10,10362.113706310825,0.0010461010224205982,0.0,recession,1
2024-07-11,10408.931478751143,0.004518168181440107,0.0,recession,1
2024-07-12,10412.07743621145,0.0003022363502659831,0.0,recession,1
2024-07-15,10406.82697500319,-0.0005042664387030827,0.0,recession,1
2024-07-16,10462.980937125407,0.005395877365607671,0.0,recession,1
2024-07-17,10453.486843923949,-0.000907398499386547,0.0,recession,1
2024-07-18,10432.15526111304,-0.0020406188986891506,0.0,recession,1
2024-07-19,10388.590337725314,-0.0041760232950250106,0.0,recession,1
2024-07-22,10386.22780777638,-0.00022741583527016165,0.0,recession,1
2024-07-23,10392.07523550209,0.0005629982159000791,0.0,recession,1
2024-07-24,10373.559626768914,-0.0017817046464331022,0.0,recession,1
2024-07-25,10349.602196790347,-0.002309470503909239,0.0,recession,1
2024-07-26,10379.48395011888,0.0028872368966799565,0.0,recession,1
2024-07-29,10382.148146406973,0.0002566790700671451,0.0,recession,1
2024-07-30,10406.880142130096,0.0023821655571040433,0.0,recession,1
2024-07-31,10455.22082261521,0.004645069398793056,0.0,recession,1
2024-08-01,10457.038623802313,0.0001738654035093434,0.0,recession,1
2024-08-02,10485.64113062078,0.002735239664637246,0.0,recession,1
2024-08-05,10464.572345671486,-0.0020092986863499587,0.0,recession,1
2024-08-06,10424.419863665966,-0.003836992155931529,0.0,recession,1
2024-08-07,10415.664237008927,-0.0008399150045324878,0.0,recession,1
2024-08-08,10441.937380205742,0.002522464491843035,0.0,recession,1
2024-08-09,10457.36216847101,0.001477196012926596,0.0,recession,1
2024-08-12,10497.021846847427,0.00379251265639331,0.0,recession,1
2024-08-13,10501.084759618934,0.00038705385496813356,0.0,recession,1
2024-08-14,10490.540660885445,-0.001004096145765421,0.0,recession,1
2024-08-15,10488.660155337262,-0.00017925725746373853,0.0,recession,1
2024-08-16,10539.296224416126,0.004827696610333864,0.0,recession,1
2024-08-19,10540.710828871846,0.00013422190871166252,0.0,recession,1
2024-08-20,10556.846450382029,0.0015307906432633356,0.0,recession,1
2024-08-21,10554.672893317205,-0.00020589075298562686,0.0,recession,1
2024-08-22,10518.917547829507,-0.003387631795802682,0.0,recession,1
2024-08-23,10550.11072567483,0.002965436101527308,0.0,recession,1
2024-08-26,10554.159259372891,0.0003837432424484866,0.0,recession,1
2024-08-27,10558.044745352812,0.0003681473705704707,0.0,recession,1
2024-08-28,10541.913378421306,-0.0015278744616616937,0.0,recession,1
2024-08-29,10549.382905294162,0.0007085551365035304,0.0,recession,1
2024-08-30,10523.098784339021,-0.0024915316081617787,0.0,recession,1
2024-09-03,10531.210106842847,0.0007708112097073894,0.0,recession,1
2024-09-04,10546.065675887132,0.0014106231756435994,0.0,recession,1
2024-09-05,10569.60476234116,0.0022320253995618436,0.0,recession,1
2024-09-06,10553.850103558058,-0.0014905627161419521,0.0,recession,1
2024-09-09,10567.286059853946,0.0012730857615041113,0.0,recession,1
2024-09-10,10583.991803882242,0.0015808925710604884,0.0,recession,1
2024-09-11,10579.783791537862,-0.0003975827289318557,0.0,recession,1
2024-09-12,10612.013136139876,0.0030463141059453138,0.0,recession,1
2024-09-13,10635.978890860764,0.0022583608231005804,0.0,recession,1
2024-09-16,10645.54595326335,0.0008994999426717554,0.0,recession,1
2024-09-17,10628.622056888447,-0.0015897631224554899,0.0,recession,1
2024-09-18,10599.056546902224,-0.0027816879580416344,0.0,recession,1
2024-09-19,10628.488075776975,0.002776806477492966,0.0,recession,1
2024-09-20,10651.437955181958,0.002159279781033652,0.0,recession,1
2024-09-23,10653.30953672744,0.0001757116319276664,0.0,recession,1
2024-09-24,10682.857102344757,0.00277355741100469,0.0,recession,1
2024-09-25,10671.02497305838,-0.0011075809751100786,0.0,recession,1
2024-09-26,10684.390155345369,0.0012524740894837906,0.0,recession,1
2024-09-27,10672.988895618877,-0.0010670950387174471,0.0,recession,1
2024-09-30,10650.824456818375,-0.002076685267572964,0.0,recession,1
2024-10-01,10680.862526566287,0.0028202577058419553,0.0,recession,1
2024-10-02,10672.296592087441,-0.0008019890207873637,0.0,recession,1
2024-10-03,10660.765688069641,-0.0010804519831608018,0.0,recession,1
2024-10-04,10643.396188036048,-0.0016292919797526895,0.0,recession,1
2024-10-07,10628.164496004236,-0.0014310932114819821,0.0,recession,1
2024-10-08,10614.287495919105,-0.0013056817186399173,0.0,recession,1
2024-10-09,10596.691925409665,-0.0016577250725689165,0.0,recession,1
2024-10-10,10608.102953765443,0.0010768481745152547,0.0,recession,1
2024-10-11,10626.972419575079,0.0017787785329645756,0.0,recession,1
2024-10-14,10624.302956051974,-0.00025119699362232686,0.0,recession,1
2024-10-15,10644.589133102978,0.0019094125172182566,0.0,recession,1
2024-10-16,10659.723290371885,0.0014217699790630034,0.0,recession,1
2024-10-17,10655.601812933368,-0.00038664019001697345,0.0,recession,1
2024-10-18,10679.025784180416,0.002198277643841351,0.0,recession,1
2024-10-21,10659.943385845301,-0.0017869044162608485,0.0,recession,1
2024-10-22,10683.981978402182,0.0022550394206408476,0.0,recession,1
2024-10-23,10655.339299117244,-0.0026808992511257344,0.0,recession,1
2024-10-24,10678.562274295622,0.0021794683891766644,0.0,recession,1
2024-10-25,10676.962554364976,-0.00014980667711208536,0.0,recession,1
2024-10-28,10674.149969806851,-0.0002634255336013358,0.0,recession,1
2024-10-29,10699.034929456071,0.002331329400430904,0.0,recession,1
2024-10-30,10713.955431967528,0.0013945652677867628,0.0,recession,1
2024-10-31,10682.493552698561,-0.00293653258768416,0.0,recession,1
2024-11-01,10658.668250835948,-0.0022303127771693522,0.0,recession,1
2024-11-04,10678.25218769083,0.00183737183614352,0.0,recession,1
2024-11-05,10688.73877310436,0.0009820507353831777,0.0,recession,1
2024-11-06,10594.50500350609,-0.008816172945996792,0.0,recession,1
2024-11-07,10641.841871906769,0.004468058525151775,0.0,recession,1
2024-11-08,10640.950713669454,-8.374097717676063e-05,0.0,recession,1
2024-11-11,10585.821434041329,-0.0051808603490010935,0.0,recession,1
2024-11-12,10551.675528618794,-0.00322562643204326,0.0,recession,1
2024-11-13,10520.391266029128,-0.0029648620737830257,0.0,recession,1
2024-11-14,10520.993496711651,5.724413353984652e-05,0.0,recession,1
2024-11-15,10514.469304104567,-0.0006201118372637038,0.0,recession,1
2024-11-18,10556.334301784047,0.00398165579913159,0.0,recession,1
2024-11-19,10580.630873222399,0.002301610648522678,0.0,recession,1
2024-11-20,10589.166106593719,0.000806684731145968,0.0,recession,1
2024-11-21,10606.007864090992,0.0015904706119197255,0.0,recession,1
2024-11-22,10633.941783843758,0.0026337826740014947,0.0,recession,1
2024-11-25,10598.818067667367,-0.003302981800197036,0.0,recession,1
2024-11-26,10598.812259804019,-5.479727372858958e-07,0.0,recession,1
2024-11-27,10610.867236880968,0.0011373894339714806,0.0,recession,1
2024-11-29,10640.12218283999,0.0027570739795273803,0.0,recession,1
2024-12-02,10624.048887451765,-0.0015106307157024992,0.0,recession,1
2024-12-03,10619.158291491443,-0.00046033259185180865,0.0,recession,1
2024-12-04,10637.012382618359,0.0016813094443861587,0.0,recession,1
2024-12-05,10623.423286915264,-0.0012775293676728695,0.0,recession,1
2024-12-06,10625.788407172644,0.00022263259153885165,0.0,recession,1
2024-12-09,10637.075743536527,0.0010622587173167112,0.0,recession,1
2024-12-10,10660.077267411254,0.002162391660010943,0.0,recession,1
2024-12-11,10670.324855374178,0.0009613052237670616,0.0,recession,1
2024-12-12,10626.069688760654,-0.004147499463545912,0.0,recession,1
2024-12-13,10589.522793917999,-0.003439361486713333,0.0,recession,1
2024-12-16,10597.809081313675,0.0007824986599429763,0.0,recession,1
2024-12-17,10592.251800603835,-0.0005243801494440703,0.0,recession,1
2024-12-18,10538.364177481983,-0.005087456768992394,0.0,recession,1
2024-12-19,10525.402749627394,-0.0012299278746016329,0.0,recession,1
2024-12-20,10553.360531556975,0.002656219680578942,0.0,recession,1
2024-12-23,10533.742211230918,-0.0018589642860579515,0.0,recession,1
2024-12-24,10542.39318898677,0.0008212634771554095,0.0,recession,1
2024-12-26,10556.027920691113,0.0012933241494526126,0.0,recession,1
2024-12-27,10532.868542063828,-0.002193948216249986,0.0,recession,1
2024-12-30,10534.614015290063,0.0001657167958817096,0.0,recession,1
2024-12-31,10542.108781511932,0.0007114419390205073,0.0,recession,1
2025-01-02,10573.654529190339,0.002992356494530779,0.0,recession,1
2025-01-03,10553.643291037588,-0.001892556456947403,0.0,recession,1
2025-01-06,10546.327605407989,-0.0006931905340983979,0.0,recession,1
2025-01-07,10546.316274353248,-1.074407619849763e-06,0.0,recession,1
2025-01-08,10558.878754497839,0.0011911723314367074,0.0,recession,1
2025-01-10,10572.067814059468,0.0012490966009066184,0.0,recession,1
2025-01-13,10550.655705227751,-0.0020253472838343,0.0,recession,1
2025-01-14,10560.003463617893,0.0008859883832159077,0.0,recession,1
2025-01-15,10594.021191536785,0.00322137469330317,0.0,recession,1
2025-01-16,10612.082817465005,0.0017048885972256178,0.0,recession,1
2025-01-17,10602.647525735978,-0.000889108376868153,0.0,recession,1
2025-01-21,10644.969486024303,0.0039916407845868255,0.0,recession,1
2025-01-22,10650.337094092709,0.0005042389342169828,0.0,recession,1
2025-01-23,10639.047449416772,-0.0010600269809486363,0.0,recession,1
2025-01-24,10657.058283296608,0.0016928991026187391,0.0,recession,1
2025-01-27,10647.466430239203,-0.0009000469737918237,0.0,recession,1
2025-01-28,10665.176402044919,0.0016633038405662105,0.0,recession,1
2025-01-29,10654.80773973679,-0.0009721979194025399,0.0,recession,1
2025-01-30,10691.077298806427,0.0034040557047661404,0.0,recession,1
2025-01-31,10688.28392371078,-0.0002612809745524691,0.0,recession,1
2025-02-03,10708.395887489341,0.0018816831515811707,0.0,recession,1
2025-02-04,10732.767495825574,0.002275934565017934,0.0,recession,1
2025-02-05,10763.816490116806,0.0028929159513896964,0.0,recession,1
2025-02-06,10757.63220403359,-0.0005745439908692473,0.0,recession,1
2025-02-07,10754.526418124971,-0.00028870534423504075,0.0,recession,1
2025-02-10,10787.706333913227,0.003085204731315361,0.0,recession,1
2025-02-11,10772.919051037718,-0.0013707531905111313,0.0,recession,1
2025-02-12,10760.55620726669,-0.001147585321346767,0.0,recession,1
2025-02-13,10799.669063728381,0.0036348359423351356,0.0,recession,1
2025-02-14,10773.270650848408,-0.002444372389949745,0.0,recession,1
2025-02-18,10796.265265312119,0.0021344135136806665,0.0,recession,1
2025-02-19,10798.809553839714,0.0002356637656700578,0.0,recession,1
2025-02-20,10803.965722209468,0.0004774756276650694,0.0,recession,1
2025-02-21,10815.028775501663,0.0010239807841533333,0.0,recession,1
2025-02-24,10829.911014771315,0.0013760702424909122,0.0,recession,1
2025-02-25,10820.023670650815,-0.0009129663306572276,0.0,recession,1
2025-02-26,10829.717798199496,0.0008959432847614136,0.0,recession,1
2025-02-27,10789.054247303864,-0.0037548116814633548,0.0,recession,1
2025-02-28,10788.767679506947,-2.6560974701572617e-05,0.0,recession,1
2025-03-03,10822.242772668083,0.003102772638688123,0.0,recession,1
2025-03-04,10827.740511072845,0.0005080036107345976,0.0,recession,1
2025-03-05,10823.602400953036,-0.0003821766984144049,0.0,recession,1
2025-03-06,10809.023188154546,-0.0013469834033450478,0.0,recession,1
2025-03-07,10806.683930426554,-0.00021641712551366825,0.0,recession,1
2025-03-10,10799.032751260605,-0.0007080043439047891,0.0,recession,1
2025-03-11,10816.652597579903,0.0016316133791926314,0.0,recession,1
2025-03-12,10819.595068290871,0.000272031544364093,0.0,recession,1
2025-03-13,10867.529687620967,0.00443035243255796,0.0,recession,1
2025-03-14,10862.644210403609,-0.00044954809030086637,0.0,recession,1
2025-03-17,10879.826244767617,0.0015817543160948412,0.0,recession,1
2025-03-18,10906.304448593708,0.002433697306409166,0.0,recession,1
2025-03-19,10920.915383834477,0.0013396779183670882,0.0,recession,1
2025-03-20,10918.836903883115,-0.00019032103796334798,0.0,recession,1
2025-03-21,10894.795528458611,-0.0022018256739373965,0.0,recession,1
2025-03-24,10873.922749099787,-0.0019158486549198605,0.0,recession,1
2025-03-25,10883.371407495659,0.0008689282252491992,0.0,recession,1
2025-03-26,10874.41985808971,-0.0008224978336937472,0.0,recession,1
2025-03-27,10900.405000257057,0.002389565834908958,0.0,recession,1
2025-03-28,10931.643861588853,0.002865844097632975,0.0,recession,1
2025-03-31,10973.83989002447,0.0038599893090080833,0.0,recession,1
2025-04-01,10979.007598167624,0.0004709115674133236,0.0,recession,1
2025-04-02,10982.792626154129,0.00034475137690371805,0.0,recession,1
2025-04-03,10974.57445427371,-0.0007482770694266395,0.0,recession,1
2025-04-04,10935.17884203464,-0.00358971661299623,0.0,recession,1
2025-04-07,10855.212139804833,-0.007312793268859552,0.0,recession,1
2025-04-08,10846.538076548279,-0.0007990689767127356,0.0,recession,1
2025-04-09,10933.16741450453,0.00798681914403232,0.0,recession,1
2025-04-10,10956.431826526767,0.002127874854579881,0.0,recession,1
2025-04-11,11004.214803978262,0.004361180556594002,0.0,recession,1
2025-04-14,10999.508843746002,-0.00042765070621491035,0.0,recession,1
2025-04-15,11014.916222172265,0.0014007333095626075,0.0,recession,1
2025-04-16,11092.748906454526,0.007066116774051423,0.0,recession,1
2025-04-17,11073.210292961085,-0.0017613860782580094,0.0,recession,1
2025-04-21,11122.365913709169,0.004439148128463766,0.0,recession,1
2025-04-22,11096.995891279505,-0.0022809915288251716,0.0,recession,1
2025-04-23,11054.556259384783,-0.0038244253048766554,0.0,recession,1
2025-04-24,11098.386342777489,0.003964888536841649,0.0,recession,1
2025-04-25,11082.496311916468,-0.0014317424506816944,0.0,recession,1
2025-04-28,11121.045882291755,0.003478419418361245,0.0,recession,1
2025-04-29,11108.709015420836,-0.001109326137262179,0.0,recession,1
2025-04-30,11083.095057312004,-0.00230575470770501,0.0,recession,1
2025-05-01,11031.43100485596,-0.00466151848277796,0.0,recession,1
2025-05-02,11023.347394984487,-0.000732779805984829,0.0,recession,1
2025-05-05,11083.03888074156,0.005415005407906581,0.0,recession,1
2025-05-06,11148.841513600726,0.005937237391949357,0.0,recession,1
2025-05-07,11120.123082360282,-0.002575911694987321,0.0,recession,1
2025-05-08,11063.924777358972,-0.005053748468886754,0.0,recession,1
2025-05-09,11081.632696322913,0.0016005097034082372,0.0,recession,1
2025-05-12,11008.841598433692,-0.006568625750732027,0.0,recession,1
2025-05-13,11013.750767991338,0.0004459297114734473,0.0,recession,1
2025-05-14,10960.10084622611,-0.004871176304547109,0.0,recession,1
2025-05-15,11004.728450446131,0.00407182423283885,0.0,recession,1
2025-05-16,10981.066447771207,-0.0021501668833969092,0.0,recession,1
2025-05-19,11006.173870651754,0.0022864284630243147,0.0,recession,1
2025-05-20,11039.235761414593,0.0030039404384660795,0.0,recession,1
2025-05-21,11036.66090816694,-0.00023324560715093368,0.0,recession,1
2025-05-22,11022.883577673516,-0.0012483241632647245,0.0,recession,1
2025-05-23,11073.006089361947,0.004547132457241165,0.0,recession,1
2025-05-27,11050.924137085849,-0.0019942147685905413,0.0,recession,1
2025-05-28,11041.146311889015,-0.0008847970609100254,0.0,recession,1
2025-05-29,11064.447951406528,0.0021104366212790996,0.0,recession,1
2025-05-30,11051.563557374035,-0.001164485936314286,0.0,recession,1
2025-06-02,11100.030680485797,0.004385544439946988,0.0,recession,1
2025-06-03,11078.416147011969,-0.0019472498856987542,0.0,recession,1
2025-06-04,11110.673517845375,0.002911731280477814,0.0,recession,1
2025-06-05,11100.223589598254,-0.0009405305835272548,0.0,recession,1
2025-06-06,11056.315329028615,-0.003955619471555827,0.0,recession,1
2025-06-09,11067.915198372613,0.001049162311203511,0.0,recession,1
2025-06-10,11074.264522188758,0.0005736693588941134,0.0,recession,1
2025-06-11,11089.604641821445,0.001385204371987947,0.0,recession,1
2025-06-12,11130.411841833962,0.003679770499538382,0.0,recession,1
2025-06-13,11148.849271563915,0.0016564912414700594,0.0,recession,1
2025-06-16,11105.819271107555,-0.0038595911926185946,0.0,recession,1
2025-06-17,11120.47442174625,0.0013195920337746526,0.0,recession,1
2025-06-18,11110.424711131722,-0.0009037123987153618,0.0,recession,1
2025-06-20,11107.4419575746,-0.00026846440479753045,0.0,recession,1
2025-06-23,11117.842697604423,0.0009363758162814984,0.0,recession,1
2025-06-24,11090.961793784305,-0.002417816527113659,0.0,recession,1
2025-06-25,11099.09496484523,0.0007333152175751146,0.0,aggressive,0
2025-06-26,11155.157572044454,0.005051097172949117,1.6,rebound,1
2025-06-27,11121.536527756789,-0.003013946156343227,0.6,defensive,1
2025-06-30,11195.057473211275,0.006610682370281607,0.8000000000000002,recession,1
2025-07-01,11207.73633806763,0.0011325412921457175,0.8999999999999999,recession,1
2025-07-02,11213.005629550475,0.00047014770189991446,0.0,recession,1
2025-07-03,11189.894837626685,-0.002061070215008576,0.0,recession,1
2025-07-07,11180.891428631456,-0.0008046017523735128,0.0,recession,1
2025-07-08,11156.11033898474,-0.002216378703334732,0.0,recession,1
2025-07-09,11177.75766032993,0.0019404004341499362,0.0,recession,1
2025-07-10,11183.505120543301,0.0005141872268145775,0.0,aggressive,0
2025-07-11,11129.470274984846,-0.004831655637121977,1.6,aggressive,0
2025-07-14,11140.056828252316,0.0009512180729091102,0.0,rebound,1
2025-07-15,11084.69679993599,-0.004969456544954764,0.6,defensive,1
2025-07-16,11099.616185710987,0.0013459444172693295,0.8000000000000002,recession,0
2025-07-17,11084.540743728314,-0.0013581948898450315,0.8999999999999999,recession,1
2025-07-18,11091.999760437588,0.0006729206813096856,0.0,aggressive,0
2025-07-21,11118.017435045042,0.0023456252406578466,1.6,rebound,1
2025-07-22,11146.678603100805,0.0025779027801684064,0.6,defensive,1
2025-07-23,11087.949169817708,-0.0052687832290023995,0.8000000000000002,recession,1
2025-07-24,11062.469289942284,-0.0022979794987500793,0.8999999999999999,recession,1
2025-07-25,11048.958829816094,-0.0012212879215378835,0.0,recession,1
2025-07-28,11027.494582116971,-0.0019426488983922741,0.0,recession,1
2025-07-29,11052.181450912221,0.002238665239090998,0.0,recession,1
2025-07-30,11008.303943852186,-0.003970031369364935,0.0,recession,1
2025-07-31,11023.568457167994,0.0013866362514755482,0.0,recession,1
2025-08-01,11083.995182552047,0.005481593879408631,0.0,aggressive,0
2025-08-04,11210.523169175553,0.01141537726601325,1.6,aggressive,0
2025-08-05,11169.393191794275,-0.003668872251597311,0.0,aggressive,0
2025-08-06,11229.01733929757,0.005338172493300519,0.0,aggressive,0
2025-08-07,11229.049678179317,2.879938713251564e-06,0.0,aggressive,0
2025-08-08,11293.980011638727,0.005782353388780859,0.0,aggressive,0
2025-08-11,11261.171473108969,-0.0029049580835054933,0.0,aggressive,0
2025-08-12,11350.389073129782,0.007922586050115433,0.0,aggressive,0
2025-08-13,11394.331205915118,0.0038714208387236717,0.0,aggressive,0
2025-08-14,11379.510047024229,-0.0013007484707126982,0.0,aggressive,0
2025-08-15,11350.754850339366,-0.0025269274833482516,0.0,aggressive,0
2025-08-18,11343.722009991769,-0.0006195923038006534,0.0,aggressive,0
2025-08-19,11294.86413145208,-0.004307041242429522,0.0,aggressive,0
2025-08-20,11284.765300767749,-0.0008941082041181048,0.0,aggressive,0
2025-08-21,11239.043206921548,-0.004051665464685484,0.0,aggressive,0
2025-08-22,11397.475903585379,0.01409663560740304,0.0,aggressive,0
2025-08-25,11351.323280161703,-0.004049372318405742,0.0,aggressive,0
2025-08-26,11396.933814989508,0.004018080861772123,0.0,aggressive,0
2025-08-27,11418.69607739061,0.001909483967738601,0.0,aggressive,0
2025-08-28,11467.02928968003,0.00423281362091057,0.0,aggressive,0
2025-08-29,11415.23494061962,-0.004516806206034718,0.0,aggressive,0
2025-09-02,11366.056408396349,-0.004308148932465316,0.0,aggressive,0
2025-09-03,11436.714667379601,0.0062166028782908,0.0,rebound,1
2025-09-04,11484.974049324223,0.004219689250643533,0.6,defensive,1
2025-09-05,11580.82396721892,0.008345679971330611,0.8000000000000002,recession,1
2025-09-08,11612.20844058789,0.002710038029919838,0.8999999999999999,recession,1
2025-09-09,11600.337465760287,-0.0010222839943271333,0.0,recession,1
2025-09-10,11615.301814167606,0.0012899925068116992,0.0,recession,1
2025-09-11,11619.603193463092,0.0003703200626471004,0.0,aggressive,0
2025-09-12,11595.17541022407,-0.002102290657633098,1.6,aggressive,0
2025-09-15,11659.332775971186,0.005533108683336097,0.0,rebound,1
2025-09-16,11653.903535247582,-0.00046565621103062895,0.6,defensive,1
2025-09-17,11608.787655725855,-0.00387131053430067,0.8000000000000002,recession,1
2025-09-18,11577.058354453311,-0.0027332140283309095,0.8999999999999999,recession,1
2025-09-19,11599.411593799901,0.0019308220328691393,0.0,recession,1
2025-09-22,11635.39080949845,0.003101813864229164,0.0,recession,1
2025-09-23,11653.03325809755,0.0015162746905499126,0.0,recession,1
2025-09-24,11627.475060858847,-0.002193265622145402,0.0,recession,1
2025-09-25,11637.16118902248,0.0008330379650726361,0.0,recession,1
2025-09-26,11649.549399439338,0.001064538869543652,0.0,recession,1
2025-09-29,11697.550878279071,0.004120457984584691,0.0,recession,1
2025-09-30,11714.137018310837,0.0014179156136491788,0.0,recession,1
2025-10-01,11720.853032260655,0.0005733255415504069,0.0,recession,1
2025-10-02,11716.101730993583,-0.0004053716273033636,0.0,recession,1
2025-10-03,11732.700456860332,0.0014167447712440274,0.0,recession,1
2025-10-06,11767.60270200293,0.002974783620440025,0.0,recession,1
2025-10-07,11786.514004157858,0.001607064976089645,0.0,recession,1
2025-10-08,11826.313455846286,0.003376694048332696,0.0,recession,1
2025-10-09,11781.73995432118,-0.0037690106635108523,0.0,recession,1
2025-10-10,11824.557917891869,0.0036342648655204755,0.0,recession,1
2025-10-13,11881.375194204991,0.004805023300460998,0.0,recession,1
2025-10-14,11902.148969503209,0.0017484318909775976,0.0,recession,1
2025-10-15,11940.78768918265,0.0032463649865621005,0.0,recession,1
2025-10-16,12005.59614483772,0.005427485802614163,0.0,recession,1
2025-10-17,11958.57417147561,-0.003916671258538774,0.0,recession,1
2025-10-20,12050.226795557399,0.007664176578877125,0.0,recession,1
2025-10-21,11901.258993348021,-0.01236224054009496,0.0,recession,1
2025-10-22,11902.287514480031,8.64212040579293e-05,0.0,recession,1
2025-10-23,11903.669798257877,0.00011613597606051633,0.0,recession,1
2025-10-24,11896.208282622769,-0.0006268248163436853,0.0,recession,1
2025-10-27,11834.003139526865,-0.00522898907097722,0.0,recession,1
2025-10-28,11820.137086261198,-0.0011717128263514455,0.0,recession,1
2025-10-29,11799.237763112329,-0.0017681117398512859,0.0,recession,1
2025-10-30,11838.724354583468,0.0033465374852082565,0.0,recession,1
2025-10-31,11822.336556972363,-0.0013842536679013696,0.0,recession,1
2025-11-03,11823.619132818183,0.00010848750918558415,0.0,recession,1
2025-11-04,11784.830996647186,-0.0032805637373191977,0.0,recession,1
2025-11-05,11799.246757100054,0.0012232471095231735,0.0,recession,1
2025-11-06,11807.024650598974,0.0006591855954059201,0.0,recession,1
2025-11-07,11818.974824278253,0.001012124056052799,0.0,recession,1
2025-11-10,11883.339742033926,0.005445896849145903,0.0,recession,1
2025-11-11,11898.139492085797,0.0012454200900712032,0.0,recession,1
2025-11-12,11938.593213425078,0.0034000039557605223,0.0,recession,1
2025-11-13,11909.489770342543,-0.0024377615153021283,0.0,recession,1
2025-11-14,11859.706024526347,-0.004180174531084458,0.0,recession,1
2025-11-17,11835.449915924783,-0.002045253782126011,0.0,recession,1
2025-11-18,11852.24819951007,0.0014193193925551074,0.0,recession,1
2025-11-19,11853.715147353067,0.00012376958517107406,0.0,recession,1
2025-11-20,11857.68782011001,0.000335141574397424,0.0,recession,1
2025-11-21,11857.60614424547,-6.8880093471168635e-06,0.0,recession,1
2025-11-24,11901.93809356102,0.0037386930191694034,0.0,recession,1
2025-11-25,11904.227813031344,0.00019238206856087015,0.0,recession,1
2025-11-26,11928.54742385463,0.0020429389629677886,0.0,recession,1
2025-11-28,11952.529195526018,0.002010451970323657,0.0,recession,1
2025-12-01,11949.174706341975,-0.00028065099270353506,0.0,recession,1
2025-12-02,11934.32240983451,-0.0012429558419278397,0.0,recession,1
2025-12-03,11935.463053219555,9.557671947122426e-05,0.0,recession,1
2025-12-04,11930.572845735343,-0.0004097208011459186,0.0,recession,1
2025-12-05,11920.797778888362,-0.0008193292118807372,0.0,recession,1
2025-12-08,11910.583899203571,-0.000856811756582121,0.0,recession,1
2025-12-09,11924.041133058296,0.0011298550909518035,0.0,recession,1
2025-12-10,11938.807124263647,0.0012383378286421332,0.0,recession,1
2025-12-11,11962.900635355769,0.0020180836193554375,0.0,recession,1
2025-12-12,11964.755773628014,0.00015507428580997524,0.0,recession,1
2025-12-15,11967.756204274436,0.0002507724105019982,0.0,recession,1
2025-12-16,11974.87318229397,0.0005946793950390106,0.0,recession,1
2025-12-17,11994.351816048485,0.0016266254730209597,0.0,recession,1
2025-12-18,11995.763871054502,0.00011772666232168216,0.0,recession,1
2025-12-19,11993.995030380114,-0.0001474554428880559,0.0,recession,1
2025-12-22,12046.760156116954,0.004399295280945937,0.0,recession,1
2025-12-23,12080.62038146511,0.0028107329198353128,0.0,recession,1
2025-12-24,12077.949365609547,-0.0002210992292796866,0.0,recession,1
2025-12-26,12102.176628643068,0.0020059086439378707,0.0,recession,1
2025-12-29,12001.371036975903,-0.008329542260074164,0.0,recession,1
2025-12-30,12000.25566928729,-9.293668908134657e-05,0.0,recession,1
2025-12-31,11975.17132814623,-0.0020903172259286507,0.0,recession,1
2026-01-02,11985.290579240045,0.0008450193167617749,0.0,recession,1
2026-01-05,12054.28645721101,0.005756712990377833,0.0,recession,1
2026-01-06,12077.874538107906,0.0019568210014442203,0.0,recession,1
2026-01-07,12061.839162206066,-0.001327665381126919,0.0,recession,1
2026-01-08,12069.116225206617,0.0006033128864256664,0.0,recession,1
2026-01-09,12094.61088674213,0.0021123884350593646,0.0,recession,1
2026-01-12,12136.32344069279,0.0034488545635133817,0.0,recession,1
2026-01-13,12134.95064252703,-0.00011311483024236676,0.0,recession,1
2026-01-14,12166.807142292882,0.0026251857716017794,0.0,recession,1
2026-01-15,12151.620900431282,-0.0012481698513007067,0.0,recession,1
2026-01-16,12132.891764889284,-0.001541287018041726,0.0,recession,1
2026-01-20,12208.812522235243,0.0062574330025476745,0.0,recession,1
2026-01-21,12253.685733761278,0.0036754771558912495,0.0,recession,1
2026-01-22,12304.265931610284,0.004127753799793132,0.0,recession,1
2026-01-23,12341.458639141852,0.003022748999273328,0.0,recession,3
2026-01-26,12383.461926706772,0.0034034297560017416,0.0,recession,3
2026-01-27,12436.511001188186,0.004283864624883738,0.0,recession,3
2026-01-28,12530.119053904793,0.0075268741134601365,0.0,recession,3
2026-01-29,12537.19508915506,0.0005647221083716404,0.0,recession,1
2026-01-30,12272.563408677615,-0.021107726137751193,0.0,recession,1
2026-02-02,12170.755096637846,-0.00829560285406904,0.0,recession,1
2026-02-03,12328.489031617019,0.012960077967779272,0.0,recession,1
2026-02-04,12323.625977192609,-0.00039445664524973,0.0,recession,1
2026-02-05,12271.372037438554,-0.004240143270394792,0.0,recession,1
2026-02-06,12347.639160407722,0.0062150444739580875,0.0,recession,1
2026-02-09,12410.09017900858,0.005057729480879803,0.0,recession,3
2026-02-10,12399.80578492683,-0.0008287122763335432,0.0,recession,3
2026-02-11,12421.272532145651,0.0017312164070276024,0.0,recession,3
2026-02-12,12351.502053396307,-0.0056170153717167055,0.0,recession,1
2026-02-13,12419.742583131492,0.005524877010113971,0.0,recession,3
2026-02-17,12344.393736043288,-0.006066860611953673,0.0,recession,1
2026-02-18,12395.248360423742,0.004119653461147121,0.0,recession,1
2026-02-19,12403.418547883844,0.0006591386652798903,0.0,recession,1
2026-02-20,12449.417662360753,0.00370858358921995,0.0,recession,1
2026-02-23,12521.2779330251,0.005772179278843348,0.0,recession,1
2026-02-24,12488.804172935143,-0.0025934860853385143,0.0,recession,1
2026-02-25,12482.680630013481,-0.0004903225990949168,0.0,recession,1
2026-02-26,12509.088566560331,0.0021155661455724006,0.0,recession,1
2026-02-27,12549.562589865565,0.0032355693294418455,0.0,recession,1
2026-03-02,12569.388049635412,0.0015797729704026822,0.0,recession,1
2026-03-03,12454.713593759338,-0.009123312560900865,0.0,recession,3
2026-03-04,12470.288586231354,0.0012505299583782659,0.0,recession,3
2026-03-05,12435.279922053978,-0.002807365999214273,0.0,recession,3
2026-03-06,12470.034459389362,0.002794833534365937,0.0,recession,3
2026-03-09,12475.727239898553,0.0004565168226063454,0.0,recession,3
2026-03-10,12490.589204046446,0.001191270365415076,0.0,recession,3
2026-03-11,12465.990700920627,-0.0019693629118672008,0.0,recession,3
2026-03-12,12414.5575513153,-0.004125877424369451,0.0,recession,3
2026-03-13,12376.29823933499,-0.0030818103522551104,0.0,recession,3
2026-03-16,12383.6777886819,0.0005962646668820071,0.0,recession,3
2026-03-17,12380.845867446358,-0.00022868176028691952,0.0,recession,3
2026-03-18,12295.569635299275,-0.006887754928869994,0.0,recession,1
2026-03-19,12201.71098581369,-0.0076335340508443495,0.0,recession,3
2026-03-20,12103.989401295668,-0.008008842746040978,0.0,recession,3
2026-03-23,12057.190636383499,-0.0038663917623027455,0.0,recession,3
2026-03-24,12052.424226120742,-0.0003953168201864532,0.0,recession,3
2026-03-25,12136.584673213172,0.006982864651414468,0.0,recession,3
2026-03-26,12035.129941184103,-0.008359413686866246,0.0,recession,3
2026-03-27,12113.032757983832,0.006472951865118226,0.0,recession,3
2026-03-30,12128.455855713404,0.0012732647585226744,0.0,recession,3
2026-03-31,12219.11678057148,0.007475059144925556,0.0,recession,3
2026-04-01,12260.680387350301,0.0034015230008201725,0.0,recession,3
2026-04-02,12221.110973429957,-0.003227342420667645,0.0,recession,3
2026-04-06,12209.121552740222,-0.000981041798556681,0.0,recession,3
2026-04-07,12232.733675754793,0.001933973948295209,0.0,recession,3
2026-04-08,12252.097958900938,0.001582989024319792,0.0,recession,1
2026-04-09,12268.057525871354,0.0013025987079071655,0.0,recession,1
2026-04-10,12260.715700576673,-0.0005984505109467242,0.0,recession,1
2026-04-13,12254.472277172195,-0.0005092217744013805,0.0,recession,1
